uuid,title,category,maintained,interviewed,start_year,language,project_website,Github,data_accessibility,webhosting,open_access_count,publication_count
b37c6bd1-90d3-4718-ab58-fb1d60873186,Multilingual Corpus of Annotated Spoken Texts,tools_and_analysis,True,False,2000,"deu, eng",https://multicast.aspra.uni-bamberg.de/,0.0,1.0,1.0,12,16
862e636c-6757-4dc6-a382-b77768b69cbc,The Islamic Manuscript Association,other,True,False,2008,eng,https://www.islamicmanuscript.org/home.aspx,0.0,1.0,1.0,1,7
583ab46e-ccb8-4a49-9912-7771683cd605,MAJLIS. The Transformation of Jewish Literature in Arabic in the Islamicate World,digital_preservation,True,True,2021,eng,https://www.naher-osten.uni-muenchen.de/forschung/majlis/index.html,1.0,1.0,0.5,0,0
9efa71cc-aaf8-4481-a155-caa8d9fe23c1,Mesopotamian Royal Inscriptions,digital_preservation,True,False,2000,eng,https://cdli.ucla.edu/projects/royal/royal.html,1.0,1.0,1.0,0,0
9513964d-3509-462e-9d64-c47fd3922459,Scripta Qumranica Electronica: Eine Verbunddatenbank und virtuelle Forschungsumgebung für die Texte vom Toten Meer,digital_preservation,True,False,2016,eng,https://sqe.deadseascrolls.org.il/,1.0,0.5,1.0,2,2
d17ea973-8be6-4d5c-81e2-75c69e8e4e37,Jewish Book Culture in the Islamicate World,digital_preservation,True,False,2020,eng,https://www.jewishbookculture.com,0.0,1.0,1.0,0,0
b4b093a7-0979-448a-bbfd-83cc3d884cbd,World Scripts Explorer: one stop to explore, learn and experience any graphical information system",tools_and_analysis,True,True,2021,,https://worldscriptsexplorer.page,1.0,1.0,1.0,0,0
e52825b6-9bd6-4206-b99c-964521b5e773,Arabic and Latin Corpus,digital_preservation,False,False,2016,eng,https://www.arabic-latin-corpus.philosophie.uni-wuerzburg.de/index.xhtml,0.0,0.0,1.0,0,0
b485ffeb-bcbc-42a0-b141-4450ddc914e6,Borno and Old Kanembu Islamic Manuscripts,digital_preservation,False,False,2005,eng,https://digital.soas.ac.uk/okim/about/,0.0,0.5,1.0,4,5
3b3fda6e-a8e0-41ff-aad6-5426ffec2fb6,Online Corpus of the Inscriptions of Ancient North Arabia,digital_preservation,True,False,2013,eng,https://dasi.cnr.it/index.php?id=42&prjId=4&corId=0&colId=0&navId=0,0.0,0.5,1.0,3,3
bef2e507-b663-422e-9dd3-7e49ca299f05,Open Islamicate Texts Initiative,digital_preservation,True,False,2019,eng,https://openiti.org/,1.0,1.0,1.0,0,0
2253d7f2-c150-44e2-9a8a-c7c5ba0ab661,Textdatenbank und Wörterbuch des Klassischen Maya,digital_preservation,True,False,2014,"eng, deu, spa",https://classicmayan.org/portal/,0.0,1.0,1.0,20,20
1b19963e-ffc5-48f0-a1b3-81553d601497,Digitale Gesamtedition und Übersetzung des koptisch-sahidischen Alten Testaments,digital_preservation,True,False,2015,"deu, eng",https://coptot.manuscriptroom.com/,1.0,1.0,1.0,47,79
2860c96f-323e-4c33-97c6-4219bcf99f52,Open Encyclopedia System,infrastructure,True,False,2016,"deu, eng",https://www.open-encyclopedia-system.org,1.0,0.0,1.0,6,9
f87c6596-0ce3-4f2e-8ec5-ea5d17253bba,Change Projekt Wandel@FU-Bib,infrastructure,False,False,2019,deu,https://web.archive.org/web/20240412020940/www.fu-berlin.de/sites/ub/ueber-uns/wandel/index.html,0.0,0.0,0.5,11,11
74b74185-081c-40f7-86da-52bdf9f53105,Gumar Corpus,tools_and_analysis,True,False,2018,eng,https://camel.abudhabi.nyu.edu/gumar/,1.0,0.5,1.0,4,4
ddba8639-e6eb-4343-9557-0f0a968bf15f,Tübinger System von Textverarbeitungs Programmen,tools_and_analysis,True,False,1966,"eng, deu",https://www.tustep.uni-tuebingen.de/,0.0,1.0,1.0,1,2
ce6e74fb-c872-4ab4-a6f2-908232d0099a,ARCHES,digital_preservation,True,False,2019,eng,https://www.naher-osten.uni-muenchen.de/forschung/einzel/arches-projekt/index.html,0.0,0.0,0.5,0,0
77ae1011-1b54-46b5-b676-02895e3300fc,From Translation to Creation: Changes in Ethiopic Style and Lexicon from Late Antiquity to the Middle Ages,digital_preservation,False,False,2014,eng,https://www.traces.uni-hamburg.de/,1.0,1.0,0.5,35,98
2adf7ddc-9dd5-49b3-842c-9dc48dbbf36e,Country of Words Reading and Reception of Palestinian Literature from 1948 to the Present,tools_and_analysis,True,False,2018-04-01,,https://www.geschkult.fu-berlin.de/en/e/palread/index.html,0.0,0.5,1.0,9,15
eb8e91fe-952e-48b7-af0d-c026ebe37826,Methoden der Bildverarbeitung zur Bestimmung von visuellen Manuskript- und Zeichenmerkmalen,infrastructure,False,False,2015,"deu, eng",https://gepris.dfg.de/gepris/projekt/203079013,0.0,0.0,0.5,0,0
614f4c99-0d96-48a9-baa5-48a402a8deec,Bamberg Lexical Database for Contemporary Iranian Languages,tools_and_analysis,False,False,2016,eng,https://www.uni-bamberg.de/en/oriental-studies/general-linguistics/research/projects/,0.0,0.0,0.5,2,2
87d036b9-5145-47d0-8d0e-83bb6821f3fe,Surayt-Aramaic Online Project,tools_and_analysis,True,False,2014,"ara, deu, eng, fra, nld, swe, tur",http://www.surayt.com/,1.0,1.0,1.0,10,10
df700e7b-1fad-4e54-b534-f63cf5805925,Digital Corpus for Greco-Arabic Studies,digital_preservation,False,False,2010,eng,https://www.graeco-arabic-studies.org/texts,0.0,0.5,1.0,0,0
693b7383-6f97-46a6-9023-6aae878c25e7,Multi Arabic Dialect Applications and Resources,tools_and_analysis,True,False,2016-02,eng,https://sites.google.com/nyu.edu/madar/,1.0,1.0,1.0,10,10
57622367-8250-4932-ab3e-0356615d578a,Tierrecht und Strafen im Gesetz zur Abwehr der Dämonen (Vidçvdâd, Kapitel 13–15),digital_preservation,False,False,2010,eng,https://www.geschkult.fu-berlin.de/e/iranistik/archiv/projekt-archiv/vorislamisches-recht/videvdad13-15/index.html,0.0,1.0,0.5,0,1
e9e4a759-5a0c-4d7d-aa61-49051477ab2f,A Literary History of Medicine Online,digital_preservation,True,False,2013,eng,https://scholarlyeditions.brill.com/lhom/,0.0,1.0,0.5,1,1
6f32aa08-b11d-48f4-8a9d-8f76738dc62e,Doha Historical Dictionary (معجم الدوحة التأريخي للغة العربية),tools_and_analysis,True,False,2013-05-23,ara,https://dohadictionary.org/,0.0,1.0,1.0,0,1
5f3c2fbb-ca17-41c9-acdb-d3e147869400,Communities of Knowledge Interreligious Networks of Scholars in Ibn Abi Usaybi‘a’s “History of the Physicians”,tools_and_analysis,True,False,2018,"deu, eng",https://usaybia.net/,1.0,1.0,1.0,1,1
04ea57c8-69c7-4c83-8249-753850e9cc53,Edition des Gesamtwerkes von Ibn Nubātah al-Miṣrī,digital_preservation,True,False,2020,deu,https://www.uni-muenster.de/ALEA/,0.0,0.0,0.5,0,0
c523675a-0e54-4d1e-8d08-2395d58323e3,Biblia Arabica: The Bible in Arabic among Jews, Christians and Muslims",tools_and_analysis,True,False,2012,eng,https://biblia-arabica.com/,1.0,0.0,1.0,0,8
9078ff92-18f1-4019-a9f3-8c7d9aaa0db8,Belegwörterbuch der sabäischen Sprache,tools_and_analysis,True,False,2012,"deu, eng",http://sabaweb.uni-jena.de/Sabaweb,0.0,1.0,1.0,1,17
5f57a071-60c1-4fd2-b191-8fa8d15d70bb,Coranica,tools_and_analysis,False,False,2011,"deu, eng, fra",https://webarchive.bbaw.de/default/20210819141519/https://www.coranica.de/front-page-en/,0.0,0.0,1.0,0,0
b5db28e8-5662-4887-99d4-1659dc8a1a99,KIŠIB  Digital Corpus of Ancient West Asian Seals and Sealings,tools_and_analysis,True,False,2025,"deu, eng",https://www.bbaw.de/en/research/kisib-digital-corpus-of-ancient-west-asian-seals-and-sealings,0.0,0.0,0.5,0,0
6ec0ed98-7037-4d93-8b9d-4563c9bbb8c0,Khallina,tools_and_analysis,True,False,2012,eng,https://khallina.org,0.0,0.0,0.0,0,0
880f1d65-b815-4474-9fb4-b17f13bd3765,Streamlining Galen,digital_preservation,False,False,2019,eng,https://warwick.ac.uk/fac/arts/classics/research/dept_projects/streamlininggalen/,0.0,0.5,0.5,2,3
1b58eb54-827e-4d01-9153-8c0bcb18205c,Forschungsplattform für jüdische Grabsteinepigraphik,digital_preservation,True,False,2002,deu,http://www.steinheim-institut.de/cgi-bin/epidat,1.0,1.0,1.0,1,1
31ad93ff-ca97-4cf0-b30c-60685624e2c8,eScriptorium,tools_and_analysis,True,False,2018,eng,https://escriptorium.openiti.org/,1.0,1.0,1.0,1,1
e3fec817-a269-4359-b028-a542387b1cce,APSearch,digital_preservation,True,False,2021,"ara, eng, deu, fra, heb, spa",https://apsearch.org/?size=n_20_n,0.0,1.0,1.0,0,0
89dd1397-c15c-45e3-b271-0722926a6abd,Kitāb Sībawayhi in Electronic Form,digital_preservation,True,False,2023,eng,https://refubium.fu-berlin.de/handle/fub188/41580,0.0,0.0,0.5,0,1
e9b15bcd-05ec-4de1-95f5-07d5bb44e482,Die Schreiben Selims II. an Maximilian II. und Mustafa Paşa (1566–1574),digital_preservation,True,False,2020,"deu, eng",https://gams.uni-graz.at/context:sema,1.0,1.0,1.0,0,0
ee6404e6-57f0-4e11-bb4a-1bbd13b08cb7,Glossarion,infrastructure,True,False,2020,"deu, eng",,0.0,0.5,0.5,0,0
5755bad5-4162-48ce-84b4-997819fa61b7,Kallimachos,infrastructure,False,False,2014,deu,https://www.kallimachos.de/,0.0,0.0,1.0,22,72
ba1523cc-df9a-4665-8f44-c13ea3542492,Roshan Initiative in Persian Digital Humanities,digital_preservation,True,False,2015,eng,https://sllc.umd.edu/fields/persian/roshan-institute/digital-humanities,1.0,1.0,1.0,0,0
169677fd-14f9-46e7-b8f1-2202fb91397c,Beta maṣāḥǝft Manuscripts of Ethiopia and Eritrea,digital_preservation,True,True,2016,"deu, eng",https://www.betamasaheft.uni-hamburg.de/,1.0,1.0,1.0,2,2
f24e806a-0777-4690-b148-1b35ab3745e2,Critical Edition of Ibn Bāǧǧa’s Commentary on Aristotle’s Physics,digital_preservation,False,False,2016,eng,https://averroes.uni-koeln.de/edition/current-editions/,0.0,0.5,1.0,0,0
da852d13-2483-443b-a2f3-77c0d19d08bd,Isnalyser,tools_and_analysis,False,True,2019,eng,https://github.com/dhakarat/isnalyser,1.0,1.0,1.0,0,0
4847058e-f701-4430-91ef-65c2428646fb,Books within Books: Hebrew Fragments in European Libraries,digital_preservation,True,False,2007,eng,https://www.hebrewmanuscript.com/,0.0,1.0,1.0,2,2
8e4ab5b4-7298-4d55-b490-eb2943527981,Irankoran,digital_preservation,True,False,2017,"deu, eng, fra",https://www.bbaw.de/forschung/irankoran,1.0,1.0,1.0,0,0
5e7ab61a-0c33-44fc-8175-a1930e6d08bc,Automatic Collation for Diversifying Corpora,tools_and_analysis,False,False,2021-01-01,eng,https://openiti.org/projects/ACDC.html,1.0,0.5,1.0,1,1
2f06d431-8293-494b-988a-2ff92bfb9c3a,Persian Digital Library,digital_preservation,True,False,2016,eng,https://persdigumd.github.io/PDL/,1.0,1.0,1.0,0,0
fdda3e43-e15b-4c64-a99d-924f37152cc9,Syriaca org The Syriac Reference Portal,tools_and_analysis,True,False,2012,,https://syriaca.org/index.html,1.0,1.0,1.0,3,3
7d8eb5d0-6284-4939-a48b-7ff7a2407989,Zoroastrian Middle Persian Corpus and Dictionary,digital_preservation,True,False,2021,"eng, deu",https://www.mpcorpus.org/,1.0,1.0,1.0,14,25
e9cb8ab1-2d2c-4cc3-a44d-a793220a8638,WIBARAB: What is Bedouin-Type Arabic?,tools_and_analysis,True,False,2021-10-01,"deu, eng",https://wibarab.acdh.oeaw.ac.at/,1.0,1.0,1.0,4,4
2fd5c31a-17a5-41ea-ae62-b6c2d3921cf5,FDNext,infrastructure,True,False,2020,"deu, eng",https://www.forschungsdaten.org/index.php/FDNext,0.0,1.0,1.0,19,19
9d6d90d9-e8d4-44fa-ae1f-2206c453e4a7,Philosophy on the Border of Civilizations and Intellectual Endeavours: towards a Critical Edition of the Metaphysics (Ilāhiyyāt of Kitāb al-Šifāʾ) of Avicenna (Ibn Sīnā),digital_preservation,True,False,2014,eng,https://www.avicennaproject.eu/#/,0.0,1.0,1.0,1,1
01ac0c0c-b09c-40cf-a75f-42e540b67c2f,KOHD Digital,digital_preservation,False,False,2016,"deu, eng",https://adw-goe.de/forschung/forschungsprojekte-akademienprogramm/kohd,0.0,0.5,1.0,37,37
9497c5c0-0cdc-4f43-96de-4843bd246bac,Mesopotamian Seals,digital_preservation,True,False,2000,eng,https://cdli.ucla.edu/projects/seals/seals.html,1.0,1.0,1.0,0,0
63f0bf9c-f8e4-4ce0-beff-fc8de68d05f2,Safeguarding the Manuscripts of Timbuktu,digital_preservation,False,False,2013,"deu, eng, fra",https://www.csmc.uni-hamburg.de/timbuktu.html,0.0,1.0,0.5,0,0
7050ac6d-523c-4ba0-b381-48ec200ff6c4,Keywords for the Study of the Arabic Literary and Manuscript Tradition,tools_and_analysis,True,False,2024,"ara, eng",https://www.geschkult.fu-berlin.de/e/semiarab/arabistik/forschung/KALIMAT/index.html,0.0,1.0,0.5,0,0
1c38b421-95a2-4b2b-becf-119f36721a07,Corpus Masoreticum,digital_preservation,True,True,2018,"deu, eng",https://digi.ub.uni-heidelberg.de/de/corpusmasoreticum/index.html,0.0,1.0,1.0,8,8
a0e93701-b975-4760-b3cc-0204f54be3d1,ARCHE,infrastructure,True,False,2017,,https://arche.acdh.oeaw.ac.at/browser/,1.0,1.0,1.0,1,1
9ca46873-3089-4a04-99fa-89c0c1b01213,Understanding Written Artefacts,other,True,False,2019,eng,https://www.csmc.uni-hamburg.de/written-artefacts/,0.0,1.0,0.5,968,968
df954624-a860-4919-b233-cf91a0bf2024,Corpus of South Arabian Inscriptions,digital_preservation,True,False,2011,eng,https://dasi.cnr.it/index.php?id=42&prjId=1&corId=0&colId=0&navId=0&rl=yes,0.0,1.0,1.0,1,1
99ff3ab4-3570-4bc1-90a1-183ff70580d8,The Monumental Inscriptions of Historic Cairo,digital_preservation,True,False,2010,eng,https://islamicinscriptions.cultnat.org/,0.0,1.0,1.0,3,3
d0bda69f-d8c4-4521-ab18-af2c097ffcfc,Compilation and critical edition of pre-19th century Kurmanji Kurdish,digital_preservation,False,False,2014-10,eng,https://www.uni-bamberg.de/orientalistik/allgemeine-sprachwissenschaft/forschung/projekte/,0.0,0.0,0.5,2,2
7dbf301a-6216-4eb7-8645-dbe94e108fe6,Persian Manuscript Initiative,digital_preservation,True,False,2016,eng,https://persianmanuscriptinitiative.github.io/,1.0,1.0,1.0,0,0
9ed78f16-e6fa-4156-a03d-f6581b7b7367,Der Bibeltext der Handschriften mit babylonisch-jemenitischer Punktation: Erfassung der Textvarianten,digital_preservation,False,False,2015,"deu, eng",https://gepris.dfg.de/gepris/projekt/265271929?context=projekt&task=showDetail&id=265271929&,0.0,0.0,0.5,0,0
397a09d7-5307-43ba-a3ce-3faff1ea0e6c,Prosopografía de los ulemas de al-Andalus,tools_and_analysis,True,False,2006,"eng, spa",https://www.eea.csic.es/pua/,0.0,1.0,1.0,1,1
3cd1ee13-a294-449d-8df2-f097a7b94f94,Khamriyya as a World Poetic Genre,digital_preservation,True,False,2014,eng,https://khamriyya.wp.st-andrews.ac.uk/,0.0,1.0,1.0,1,1
d0a1971a-e11b-442f-ab1a-6d8d421422c5,Handschriftenportal,infrastructure,True,False,2018,"deu, eng",https://handschriftenportal.de/,1.0,1.0,1.0,0,0
9ed8f4af-a0d6-4d4c-b250-b172106e0224,Nomisma.org,tools_and_analysis,True,False,2010,eng,https://nomisma.org,1.0,1.0,1.0,4,5
377201a9-9b09-4a6b-b5e8-873190633e78,Middle East Librarians Association,other,True,False,1972,eng,https://www.mela.us/,0.0,1.0,1.0,99,99
6c5643df-bfb8-48e8-a7c6-473146cf497d,KompetenzwerkD,infrastructure,True,False,2020,deu,https://www.saw-leipzig.de/de/akademie-digital/akademie-digital/kompetenzwerkd-saechsisches-forschungszentrum-und-kompetenznetzwerk-fuer-digitale-geisteswissenschaften-und-kulturelles-erbe,1.0,1.0,1.0,8,8
95a2024b-9fea-4ced-8136-1130b0fb8f51,Colophons in Sumerian and Akkadian Literary Manuscripts from 3rd and 2nd Millennium BCE Mesopotamia,digital_preservation,True,False,2019,eng,https://www.csmc.uni-hamburg.de/written-artefacts/research-fields/field-i/rfi03.html,0.0,1.0,0.5,1,3
ef09872b-1422-46c8-9271-213f8603d62f,Historia de los Autores y Transmisores Andalusíes,digital_preservation,False,False,1988,"eng, spa",https://www.eea.csic.es/red/hata/index.html,0.0,1.0,0.5,2,2
892b783d-1788-451f-9efd-1c58bfb4b064,Methoden der Manuskriptanalyse zur Wiedergewinnung verlorener Schrift,infrastructure,False,False,2011,"deu, eng",https://gepris.dfg.de/gepris/projekt/203078463,0.0,0.0,0.5,0,0
0e6bdb55-2d42-482f-a8d8-639ac232314e,Database and Dictionary of Greek Loanwords in Coptic,tools_and_analysis,True,False,2010,eng,https://www.geschkult.fu-berlin.de/en/e/ddglc/index.html,0.0,0.0,0.5,0,1
5d194da4-2d99-4793-9757-59a197059b9b,Corpus der arabischen und syrischen Gnomologien,digital_preservation,False,False,2009,"deu, eng",https://biblindex.hypotheses.org/files/2014/04/CASG_Lyon_02_06_2014.pdf,0.0,0.0,0.5,0,1
aa08a691-4d2f-45e0-933f-9c9fb8462069,Imagines Nummorum: Thesaurus Iconographicus Nummorum Graecorum Online,tools_and_analysis,True,False,2025,"deu, eng",https://www.imagines-nummorum.eu,0.0,0.0,1.0,0,0
1a587e85-1385-40b0-b6eb-25ca8fa5042c,Weaving the Humanities into the Web and the Web into the Humanities. Preserving the Cultural Heritage of Yemen by Creating an Universally Virtual Library of Manuscripts (HumanWeb),digital_preservation,False,False,2013,eng,https://cordis.europa.eu/project/id/324591,0.0,0.0,0.5,0,0
9a4a2962-fbf2-4a52-a1ea-53af8e3d0842,New Languages for NLP,tools_and_analysis,True,False,2021,eng,https://newnlp.princeton.edu/,1.0,1.0,1.0,0,0
9fbb8b57-bd55-4b84-ab51-2c8a0d7ec5bc,Coptic OCR,tools_and_analysis,True,True,2018,eng,https://kellia.uni-goettingen.de/digitalcoptic3/slides/CopticOCR_2020-12-07_Lincke.pdf,1.0,1.0,1.0,2,3
fbf007e0-7eee-4bb1-801d-568785d43d04,Ethio-SPaRe: Cultural Heritage of Christian Ethiopia. Salvation, Preservation, Research",digital_preservation,False,False,2009,eng,https://www.aai.uni-hamburg.de/en/ethiostudies/research/ethiospare.html,0.0,0.5,0.5,32,44
0fd7b9cd-fdae-441b-a6fd-a791d4583ce0,Corpus Coranicum,digital_preservation,True,True,2007,"deu, eng, fra",https://corpuscoranicum.de/en,1.0,1.0,1.0,3,4
1b865f29-d492-42f4-a029-49d93a1116f2,Mamluk Bibliography Online,digital_preservation,True,True,2013,eng,https://mamluk.lib.uchicago.edu/index.html,1.0,1.0,1.0,0,0
3a48e496-f4ef-4801-ae66-dc61b7ec274f,Archaeological Atlas of Coptic Literature by PATHs,digital_preservation,True,False,2015,eng,https://atlas.paths-erc.eu,1.0,1.0,1.0,1,1
d1e6d69b-5e9a-4b4a-85ad-09aac56ed2d9,Kalila and Dimna AnonymClassic,digital_preservation,True,False,2018,"deu, eng",https://www.geschkult.fu-berlin.de/en/e/kalila-wa-dimna/index.html,0.0,1.0,1.0,24,38
ff1ec94f-2233-46e9-b550-45c792ae581e,Die Großbotschaften Damian Hugo von Virmonts und Ibrahim Paschas (1719/20),digital_preservation,True,False,2020,"deu, eng",https://gams.uni-graz.at/context:vipa,1.0,1.0,1.0,0,0
cbf4592d-e961-4475-bdfc-f25c17b7094f,Chinese Text Project,tools_and_analysis,True,False,2006,"eng, zho",https://ctext.org,0.0,1.0,1.0,5,5
29603647-10fb-4843-aaab-b9a621c72275,Al-Furqan E-Database,digital_preservation,True,False,2013,"eng, ara",https://digitallibrary.al-furqan.com/world_library,0.0,1.0,1.0,0,222
177501b1-c847-4547-a757-76f56c5af15f,Sefaria,digital_preservation,True,False,2011,"eng, heb",https://www.sefaria.org/texts,1.0,1.0,1.0,0,0
a6e1fb68-e7a5-4125-8cfc-ec3aa16da73b,Averroes Edition,digital_preservation,True,False,2016,"deu, eng",https://averroes.uni-koeln.de/project/about/,0.0,0.5,1.0,0,1
b583a2f6-22bb-4ddb-8639-c9a9aa7b511b,Topoi. The Formation and Transformation of Space and Knowledge in Ancient Civilizations,other,False,False,2007,,https://topoi.org/,1.0,0.5,1.0,87,87
46121edb-516b-4dbf-ba49-e2c5f07cec2e,"Demarginalizing Medieval Africa: Images, Texts, and Identity in Early Solomonic Ethiopia",tools_and_analysis,True,False,2021,eng,https://www.csmc.uni-hamburg.de/research/current-projects/demarginalizing-medieval-africa.html,0.0,1.0,0.5,10,10
0a75cf74-9cbe-4ce2-9799-ee16dcc1e88e,"Pilotprojekt zur datenbankgestützten Erschließung und digitalen Bereitstellung der neu erworbenen arabischen, persischen und türkischen Handschriften der Universitätsbibliothek Leipzig",digital_preservation,True,False,2006-08-01,"ara, deu, eng",https://www.ub.uni-leipzig.de/forschungsbibliothek/projekte/projekte-chronologisch-alle/arabische-persische-und-tuerkische-handschriften-pilotprojekt/,0.0,1.0,0.5,0,0
ddbb569b-1542-40fe-9fa7-3842610945c8,Onomasticon Arabicum,tools_and_analysis,False,False,1966-08,"ara, eng",https://onomasticon.irht.cnrs.fr,0.0,0.0,1.0,1,2
d1f743f2-7e94-4e00-a8bf-f46e56c7508e,Grasping the World in Ottoman Istanbul: Visual Negotiation and Reading in Practices in Geographic Literature from the Sixteenth Century,digital_preservation,True,False,2019,eng,https://www.csmc.uni-hamburg.de/written-artefacts/completed-projects/rfi02.html,0.0,0.0,0.5,0,2
b5604b8b-e9fa-43d3-af0d-ef287cc2fee7,CLARIN-D - European Research Infrastructure for Language Resources and Technology,infrastructure,True,False,2012,"deu, eng",https://www.clarin-d.net/en/,1.0,1.0,1.0,524,560
d0e2d5c0-c027-401e-9bae-9d44d61278c6,"Portal of Epigraphy, Archaeology, Conservation and Education on Jewish Funerary Culture",digital_preservation,True,False,2020,eng,https://peace.sites.uu.nl/,0.0,1.0,1.0,2,4
a2984fec-9396-488e-ad56-d3d21dc49052,Verse und Sprueche: Impulse und Reichweiten wissenschaftlicher und popularisierender Diskurse im arabischen Sprachraum,digital_preservation,True,False,2020,"deu, eng",https://www.sfb-episteme.de/teilprojekte/handeln/C10/index.html,0.0,0.5,0.5,0,0
46aff246-b6ef-4632-90c2-0993a9f9b1f5,Arabic Literature Cosmopolitan,digital_preservation,True,False,2020,"deu, eng",https://www.geschkult.fu-berlin.de/en/e/kalila-wa-dimna/index.html,0.0,1.0,0.5,24,38
d6a8470a-679e-48d5-9428-5f53f81c938b,Sources of Early Akkadian Literature,digital_preservation,True,False,2007,eng,https://seal.huji.ac.il,0.0,1.0,1.0,0,0
c84f26c3-727d-4eaa-844d-067734800ac8,The Database of Ottoman Inscriptions,digital_preservation,True,False,2009,"eng, tur",http://info.ottomaninscriptions.com/,0.0,0.5,1.0,0,0
6a7e308d-0588-40b5-9a22-09354d313806,Arabic and Latin Glossary,tools_and_analysis,True,False,2005,eng,https://algloss.de.dariah.eu/,0.0,1.0,1.0,0,0
fbd22cab-b0b1-4ed4-aa1a-9f675c19c1af,Thesaurus Indogermanischer Text- und Sprachmaterialien,digital_preservation,True,False,1986,,https://titus.uni-frankfurt.de/indexd.htm,0.0,0.5,1.0,1,1
a8ee7d05-56b3-4312-8e1a-a07a46fdc809,Documentation of Endangered Languages / Dokumentation Bedrohter Sprachen,tools_and_analysis,True,False,2000,"eng, fra, ind, por, rus, spa",https://dobes.mpi.nl/,0.0,0.5,1.0,1,15
5209d91c-6fe3-4349-9a58-c5fde8c62ebf,Digital Sirah Project,tools_and_analysis,True,False,2019,eng,https://vrr-kitab.azurewebsites.net/,0.0,1.0,1.0,0,0
d2cca1f4-779f-4780-ae70-39d55a4ee8a9,Data quality for Numismatics based on Natural language processing and Neural Networks,tools_and_analysis,True,False,2021,"bul, deu, ell, eng, ron, rus, tur",https://www.corpus-nummorum.eu,1.0,1.0,1.0,1,1
9437f5a6-090b-4947-a2f9-841633739516,Early Prints of Yemeni Works,digital_preservation,True,False,2023,eng,https://epyw.glitch.me,1.0,0.5,1.0,0,0
da4755a8-5d05-4bda-8d2e-afab81c7ce27,Hethitologie Portal Mainz,digital_preservation,True,False,2001,"deu, eng",https://www.hethport.uni-wuerzburg.de/HPM/,0.0,0.5,1.0,7,7
94044a63-eae5-4e1d-ba04-64874109fc36,Genesis Rabbah Loanwords,tools_and_analysis,False,False,2018-04-04,"deu, eng",https://www.oeaw.ac.at/acdh/research/linguistics/research/lexicography/genr-loanwords,0.0,0.5,0.5,1,1
72bf1192-8af5-4df0-bd88-cf4d62d13d66,A Digital Typology of Arabic Documents,digital_preservation,True,False,2003,eng,https://www.apd.gwi.uni-muenchen.de/apd/project.jsp,0.0,1.0,1.0,0,0
eb1591d7-75b9-4d62-9f67-0679e627587b,CorpusBuilder,tools_and_analysis,True,False,2017,,https://openiti.org/projects/CorpusBuilder.html,1.0,1.0,1.0,0,0
eaf36ccc-5ee4-4749-80ea-7f71f479c968,Afrikanische Stimmen in islamischen Manuskripten aus Mali: Erschließung und Erforschung afrikanischer Sprachen in arabischer Schrift (Ajami),digital_preservation,True,True,2017,"deu, eng, fra",https://gepris.dfg.de/gepris/projekt/344888349,0.0,0.0,0.5,1,1
755808c9-9177-4c09-991e-0ec172d0d41b,The Kitāb al-ʾInṣāf by Ibn al-Anbārī in Electronic Form,digital_preservation,True,False,2023,eng,https://refubium.fu-berlin.de/handle/fub188/41579,0.0,0.0,0.5,0,1
1ae31b2f-5c67-49a7-9fba-c162b314bbcb,Digital Research Infrastructure for the Arts and Humanities (DARIAH),infrastructure,True,False,2006,eng,https://www.dariah.eu/,1.0,1.0,1.0,189,189
bef67936-aeda-45ea-86fa-d06d79620459,Nimrud NW Palace,digital_preservation,True,False,2000,eng,https://cdli.ucla.edu/projects/nimrud/index.html,1.0,1.0,0.5,0,1
b0da2d75-183c-4fa4-8b12-47366c02ed7c,Reallexikon der Assyriologie und Vorderasiatischen Archäologie,tools_and_analysis,True,False,1928,"deu, eng, fra",https://rla.badw.de/das-projekt.html,0.0,1.0,1.0,16,16
894dcf0c-7295-4fb8-b4ba-866a5ebe3310,Datenrepositorium Manuskriptkulturen,infrastructure,False,False,2015,"deu, eng",https://gepris.dfg.de/gepris/projekt/203077103,0.0,0.0,0.5,0,0
4c68f56a-2c44-41c0-acb9-ece91afaf70c,Corpus Avesticum Berolinense,digital_preservation,True,False,2018,eng,https://cab.geschkult.fu-berlin.de/,0.0,0.5,1.0,28,37
52ce273e-7935-42fd-82e8-806f6aaa3049,Hill Museum & Manuscript Library,digital_preservation,True,False,1965,eng,https://hmml.org,1.0,1.0,1.0,64,64
c2c309a5-923c-4759-ae83-f870b10dceff,Patterns of Knowledge Circulation: The Transmission and Reception of Jewish Esoteric Knowledge in Manuscript and Print in Early Modern East-Central Europe (1500-1750),digital_preservation,True,False,2019-01-04,"deu, eng",https://www.geschkult.fu-berlin.de/en/e/knowledge_patterns/index.html,0.0,0.5,0.5,1,1
894f2c88-1713-480d-99cd-32d30f3c0ac2,Computational Literary Studies Infrastructure (CLS INFRA),infrastructure,True,False,2021-03-01,eng,https://clsinfra.io/,1.0,1.0,1.0,35,35
097b0a4c-def6-4bf2-b1f8-eccccd0d7e78,Corpus of Arabic Legal Documents,digital_preservation,True,False,2022,eng,https://cald.irht.cnrs.fr/,0.0,1.0,1.0,25,25
c4f41a6d-9fb9-4c31-85f0-b66acfe41289,Corpus dei Manoscritti Copti Letterari,digital_preservation,False,False,1968,eng,https://www.aai.uni-hamburg.de/en/ethiostudies/research/cmcl.html,0.0,1.0,1.0,16,16
c3e206ec-9989-4500-ac20-4126e35871f2,Critical Edition of Ibn Bāğğa’s Commentary on Aristotle’s De generatione et corruptione,digital_preservation,True,False,2016,eng,https://averroes.uni-koeln.de/edition/current-editions/,0.0,0.0,1.0,1,1
43faf354-6069-4d15-9e04-bcb5813bc67a,Localizing 4000 Years of Cultural History. Texts and Scripts from Elephantine Island in Egypt,digital_preservation,True,False,2015,eng,https://elephantine.smb.museum/,0.0,0.5,1.0,1,1
3c022636-d84c-4997-8237-91120d9ebc12,Inscriptions of Israel/Palestine,digital_preservation,True,False,1996,eng,https://www.inscriptionsisraelpalestine.org,1.0,1.0,1.0,4,4
e8ceae3b-140f-4edc-b192-023be857bbbd,Analytical Database of Arabic Poetry,tools_and_analysis,True,False,2013,eng,https://www.arabicpoetry.ac.uk/index.php,0.0,1.0,1.0,0,0
6298a9cd-d41a-40d8-91d0-c532692e95c9,QhoD – Digitale Edition von Quellen zur habsburgisch-osmanischen Diplomatie 1500–1918,digital_preservation,True,False,2020,"deu, eng",https://qhod.net/,1.0,1.0,1.0,0,1
9734b5c3-fa35-4e45-878e-1deb62db97d5,Union Catalogue of Manuscripts from the Islamicate World,digital_preservation,True,False,2011,eng,https://www.fihrist.org.uk/,1.0,1.0,1.0,0,0
5cd4d4cc-b652-40d4-b110-b902dbae31da,The Digital Corpus of the Nabataean and Developing Arabic Inscriptions,digital_preservation,True,False,2022,eng,https://diconab.huma-num.fr/,0.0,1.0,1.0,1,1
725a2604-9720-4dad-b82e-a0f2e98f707f,Islamic Scientific Manuscripts Initiative,digital_preservation,False,False,2006,"eng, ara",https://ismi.mpiwg-berlin.mpg.de/,0.0,1.0,1.0,0,0
1b2ca0bf-fb29-4b5c-852b-2eedd6a85773,SHARIAsource,digital_preservation,True,False,2015,eng,https://pil.law.harvard.edu/shariasource-portal/,1.0,1.0,1.0,0,0
a12c0df1-1c1e-47b9-9465-f8c398b57b8a,Language-Philology-Culture: Arab Cultural Semantics In Transition,tools_and_analysis,False,False,2013,eng,https://www.st-andrews.ac.uk/modern-languages/research/projects/language-philology-culture/,0.0,0.0,0.0,0,0
5838a872-ff79-4e68-afff-edd784b0952e,Corpus Musicae Ottomanicae,digital_preservation,True,False,2015,"deu, eng, tur",https://www.uni-muenster.de/CMO-Edition/cmo/cmo.html,1.0,0.5,1.0,11,56
3992a23d-8426-4b73-8b30-844e471e76e2,Study of Averroes’s Long Commentary on the Physics in Hebrew and Latin Transmission,digital_preservation,False,False,2016,eng,https://averroes.uni-koeln.de/edition/current-editions/,0.0,0.5,1.0,0,0
4a8c71d9-bdf0-4df1-9980-b13fb5b1af3b,Arbeitsstelle Kleine Fächer,infrastructure,True,False,2005,deu,https://www.kleinefaecher.de/kartierung/arbeitsstelle-kleine-faecher,0.0,1.0,1.0,116,116
56b45211-cf80-4cd6-bb94-bb77a01d19ba,Corpus Nummorum Online,digital_preservation,True,False,2013,"bul, deu, ell, eng, ron, rus, tur",https://www.corpus-nummorum.eu,1.0,1.0,1.0,13,42
d4d49850-4711-4d43-97e9-c3563626d8df,"Knowledge, Information Technology, and the Arabic Book",tools_and_analysis,True,False,2018,eng,https://kitab-project.org/,0.0,0.5,1.0,81,82
98eed8c3-ed4c-4328-8f29-1b381db861aa,Jara'id: A Chronology of Arabic Periodicals (1800-1929),digital_preservation,False,False,2009,eng,https://projectjaraid.github.io/index.html,1.0,1.0,1.0,0,0
8f343a28-a873-449c-b359-efcfab7d1201,Vienna Corpus of Arabic Varieties,tools_and_analysis,True,False,2013-01-01,eng,"https://vicav.acdh.oeaw.ac.at/#map=[biblMarkers,.*,geo]&1=[textQuery,vicavMission,MISSION,open]&2=[textQuery,vicavNews,NEWS,open]",1.0,1.0,1.0,0,0
786edd87-476e-42a6-bcc0-521833ec73e5,Open Islamicate Texts Initiative Arabic-script OCR Catalyst Project,tools_and_analysis,True,False,2019-09,eng,https://openiti.org/projects/OpenITI%20AOCP%20Phase%20One.html,1.0,0.0,1.0,1,1
a4d189e4-f03f-4db0-8742-b777e22da760,Altägyptisches Wörterbuch,tools_and_analysis,False,False,1992,deu,https://www.bbaw.de/forschung/altaegyptisches-woerterbuch,0.0,1.0,1.0,0,0
38e6dfb4-730a-4a80-8090-4b7ea551b3c7,"Datenbankgestützte Erfassung, Erforschung und digitale Präsentation der Familienbibliothek Refaiya",digital_preservation,False,False,2008,"ara, deu, eng",https://www.refaiya.uni-leipzig.de/content/project-wrapper.xed?project=refaiya,0.0,1.0,1.0,0,0
3c5fd869-4651-414c-a0f1-b1254712b689,SaxFDM-Fokusprojekt: Publikationsdienst für wissenschaftliche Datenmodelle und Vokabulare,infrastructure,True,False,2022-01-01,deu,https://www.saw-leipzig.de/de/projekte/publikationsdienst-fuer-wissenschaftliche-datenmodelle-und-vokabulare-sax-fdm-fokusprojekt,0.0,0.5,0.5,0,0
80ba021c-7f2e-421a-b897-71c3eadcca11,The Hebrew Palaeography Album,digital_preservation,True,False,2022,eng,https://www.hebrewpalaeography.com/,0.0,1.0,1.0,0,0
7a287a76-c663-413d-9e3e-3191b1d6093e,Glossarium Graeco-Arabicum,tools_and_analysis,False,False,1994,eng,https://glossga.bbaw.de/index.html,0.0,0.5,1.0,0,0
1c4b1b26-457e-488c-83e0-ef745b3f732c,Mouse & Manuscript,tools_and_analysis,True,False,2020,"eng, ara",https://mouse.digitalscholarship.nl,0.0,1.0,1.0,0,0
ea8a1aa5-a2a1-4d4a-9254-f647158c66fa,Digital Research Infrastructure for the Arts and Humanities (DARIAH-DE),infrastructure,True,False,2011,"deu, eng",https://de.dariah.eu/,1.0,1.0,1.0,228,228
5343b628-db87-4519-93bf-76e130e6c61c,Digital Archive for the Study of pre-Islamic Arabian Inscriptions,digital_preservation,True,False,2011,eng,https://dasi.cnr.it/,0.0,1.0,1.0,3,4
cb428a09-41a6-4b68-b81e-8e72e23e6aba,The Multimedia Yasna,digital_preservation,True,False,2016,eng,https://muya.soas.ac.uk/,1.0,1.0,1.0,2,11
370ce16d-eb63-470a-81f5-dc61cc2cc4f1,The Russian Perspectives on Islam,digital_preservation,True,False,2016,eng,https://islamperspectives.org/rpi/,0.0,1.0,1.0,0,0
f67c8fcd-d190-4419-a85a-e6998da4f0ba,KOHD Coptica,digital_preservation,False,False,2016,"eng, deu",https://www.papyrusportal.de/content/start.xml,0.0,0.0,1.0,0,0
e17c5b2a-7619-40bd-bddd-51063f687cb0,The Yemeni Manuscript Digitization Initiative,digital_preservation,False,False,2010,eng,https://ymdi.uoregon.edu/projects/,0.0,1.0,1.0,1,1
43f49ea7-ec28-4e08-9ff4-57de8c755acd,European Lexicographic Infrastructure,infrastructure,True,False,2018-02-01,eng,https://elex.is/,1.0,1.0,1.0,3,3
4ed4b218-0a06-4ae1-857a-1d87a9371e08,Open Arabic Periodical Editions: A framework for bootstrapped digital scholarly editions outside the global north,digital_preservation,True,False,2015,eng,https://openarabicpe.github.io/,1.0,1.0,1.0,1,1
8682a8f5-b601-4a6c-808c-aa4b7ce8a7c4,al-Ṯurayyā Project,tools_and_analysis,True,True,2013,eng,https://althurayya.github.io/#home,1.0,1.0,1.0,1,1
842dc7b3-020c-47ea-a37e-d5e5aae0bde0,CLARIAH-DE,infrastructure,True,False,2019,"deu, eng",https://web.archive.org/web/20240103005507/https://www.clariah.de/,1.0,1.0,1.0,126,126
a4fa5143-90d2-42ba-a8a1-424b09696b1c,Orient-Digital,digital_preservation,True,False,2020,deu,https://staatsbibliothek-berlin.de/die-staatsbibliothek/abteilungen/orient/aufgaben-profil/projekte/dfg-projekt-orient-digital,0.0,1.0,1.0,1,1
659c0aba-3bdd-43eb-937d-dad4ad63e3fc,The Evolution of Islamic Societies (c. 600–1600 CE): Algorithmic Analysis into Social History,tools_and_analysis,True,True,2021,eng,https://www.csmc.uni-hamburg.de/research/current-projects/evolution-of-islamic-societies.html,1.0,1.0,1.0,1,1
20ee58f5-f699-4262-a473-7765e249c871,SIHAFA: The Ideosphere of the Late Ottoman Arabic Press: Mapping the Discursive Field of Authors and Texts through Computational Approaches,tools_and_analysis,True,False,2023-09-01,eng,https://cordis.europa.eu/project/id/101061500,0.0,0.0,0.5,0,0
942e9692-8e2a-4060-84d8-c8db17eae689,BABMED - Babylonische Medizin,digital_preservation,False,False,2013-07,"deu, eng",https://www.geschkult.fu-berlin.de/e/babmed/index.html,0.0,0.0,0.5,0,0
c1a2957b-0c24-46e6-9a67-381997525a87,"Post-predicate Elements in Iranian: Inheritance, Contact, and Information Structure",tools_and_analysis,True,False,2019-07-01,eng,https://multicast.aspra.uni-bamberg.de/resources/hambam/,0.0,1.0,1.0,1,1
71ff37e4-7e16-4c1f-b0a9-9bf47778d41f,A Digital Synopsis of the Mishnah and Tosefta,tools_and_analysis,False,False,2015-01-12,eng,https://www.geschkult.fu-berlin.de/e/judaistik/Forschung/Digitalization/index.html,0.0,1.0,0.5,0,0
0a2ff403-834b-484f-b961-0822220bab58,Avestan Digital Archive,digital_preservation,False,False,2006,eng,https://ada.geschkult.fu-berlin.de/,0.0,0.0,1.0,0,0
31534c48-6b74-4cc5-8aff-ea8dbc60c445,Islamic Painted Page,digital_preservation,True,False,2013,eng,http://ipp.manuscript-cultures.uni-hamburg.de/,0.0,1.0,1.0,0,0
b1c6ea5d-f720-4975-8bba-cb9857091d69,Hebrew Fragments and Manuscripts in Austrian Libraries,digital_preservation,True,False,1991,"deu, eng",https://www.hebrewmanuscript.com/,0.0,1.0,1.0,1,1
2b2d72f0-c4d6-462b-b47f-7c3550acdad3,"Time, Space and Relations in Hadith Literature: A Machine Learning Approach",tools_and_analysis,True,True,2020,eng,https://github.com/dhakarat,1.0,1.0,1.0,0,0
4ac7ae97-fac1-46cb-bfb3-57845d1015fc,The Quranic Arabic Corpus,tools_and_analysis,True,False,2009,eng,https://corpus.quran.com/,1.0,1.0,1.0,0,0
3e56a148-845f-4a39-a7d4-c05c75cabd31,Oracc: The Open Richly Annotated Cuneiform Corpus,digital_preservation,True,False,2012,eng,http://oracc.museum.upenn.edu/,1.0,1.0,1.0,5,5
79462111-75a7-4fa0-8e11-9d424293a074,Linguistic dynamics in the Greater Tunis Area: a corpus-based approach (TUNICO),tools_and_analysis,True,False,2013-08-01,eng,https://tunico.acdh.oeaw.ac.at/,1.0,1.0,1.0,10,10
aec92ee9-7c8a-49ce-8491-46667fc75505,Memory Spaces: Mapping Oral History in Mosul,digital_preservation,True,False,2023-08-01,deu,https://www.geschkult.fu-berlin.de/e/semiarab/arabistik/forschung/MEMORY-SPACES/index.html,0.0,0.0,0.5,0,0
81d8ad85-5da8-457f-99a3-6ab11128ef03,SfarData,digital_preservation,True,True,1965,"eng, heb",https://sfardata.nli.org.il/#/startSearch_En,0.0,1.0,1.0,1,1
173631fa-ddc3-4762-bfd9-5bf40ccef41a,Ada Lovelace Center for Digital Humanities,other,True,False,2021,"deu, eng",https://www.ada.fu-berlin.de/,0.0,1.0,1.0,0,0
325a929a-6764-41e1-b452-6556209fa74f,TUNOCENT,tools_and_analysis,True,False,2019-04-01,eng,https://tunocent.acdh.oeaw.ac.at/,0.0,0.0,1.0,0,0
e9bf3427-1c16-4bec-9d2d-22836ae7a4b9,Arabic Papyrology Database,digital_preservation,False,False,2003,eng,https://www.naher-osten.uni-muenchen.de/forschung/papyrologie/apd/index.html,0.0,1.0,1.0,1,1
192ddf37-ff95-454d-beb1-919c8e71c6b8,Princeton Open HTR Initiative: Creating Infrastructure for Modeling Historical Texts,digital_preservation,True,False,2024,eng,https://cdh.princeton.edu/projects/princeton-open-htr-initiative/,1.0,1.0,1.0,0,0
70944a30-3932-46bb-8c3f-410a48d9e0b9,HUNAYNNET,digital_preservation,False,False,2016,"deu, eng",https://hunaynnet.oeaw.ac.at/,0.0,1.0,1.0,0,0
4c23561d-aba3-426c-a9ae-4763ccff615a,Islam in the Horn of Africa: A comparative Literary Approach,digital_preservation,False,False,2013,eng,https://islhornafr.tors.ku.dk/,0.0,1.0,1.0,34,57
fcbda96b-0c65-4ac9-9047-bde2323a0cb4,Virtuelle Archive für die geisteswissenschaftliche Forschung,infrastructure,True,False,2017-05,deu,https://www.saw-leipzig.de/de/projekte/virtuelle-archive,0.0,0.5,0.5,1,1
0250aa46-2fc2-44cb-8b08-87b40d1fc3a5,Coptic Scriptorium: Digital Research in Coptic Language and Literature,tools_and_analysis,True,False,2013,eng,https://copticscriptorium.org/,1.0,1.0,1.0,6,6
85d053c3-4ce6-4130-bc6a-63f96acfb067,Strukturen und Transformationen des Wortschatzes der ägyptischen Sprache: Text- und Wissenskultur im Alten Ägypten,tools_and_analysis,True,False,2013,deu,https://aaew.bbaw.de/de,0.0,1.0,1.0,1,1
b8097890-6eeb-43ba-890d-28e1490fde08,Cuneiform Digital Library Initiative,digital_preservation,True,False,2000,eng,https://cdli.ucla.edu/,1.0,1.0,1.0,149,149
17fa004d-c9d2-4ce3-8116-b7bfff5d14ed,"Documentation of Gorani, an endangered language of West Iran",tools_and_analysis,True,False,2007,eng,https://dobes.mpi.nl/projects/gorani/,0.0,1.0,0.5,1,1
bb852d81-0c6d-4413-8c20-1bb38c4db4e7,The intertwined world of the oral and written transmission of sacred traditions in the Middle East,digital_preservation,True,False,2020,eng,https://www.csmc.uni-hamburg.de/research/current-projects/intersame.html,1.0,0.5,1.0,0,1
ab7e5659-177f-40ed-befb-5d0eecea737f,Bibliotheca Arabica,digital_preservation,True,True,2018,"deu, eng",https://www.saw-leipzig.de/de/projekte/bibliotheca-arabica,0.0,1.0,1.0,1,2
f16b7aed-d8ad-4373-9b75-0a871ba8d920,The System of Philosophy in Arabic: Charting the Encyclopaedias,tools_and_analysis,True,False,2024,eng,https://space-project.imtlucca.it/,0.0,0.0,1.0,0,0
0cf58379-39c3-4e95-b7b1-cc9f7f11c7ba,Scripta-PSL,tools_and_analysis,False,False,2016,,https://psl.eu/en/scripta,1.0,0.5,0.5,13,14
7c7438e6-4172-4059-ad60-54a6d0d61f7c,Critical Edition of the Fragmentary Latin Translation of Averroes’s Commentary on De Partibus Animalium and De Generatione Animalium,digital_preservation,False,False,2016,eng,https://averroes.uni-koeln.de/edition/current-editions/,0.0,0.5,1.0,0,0
fb7e7faa-8797-4db7-9061-3498dd7e1c6d,Zodiac - Ancient Astral Science in Transformation,tools_and_analysis,True,False,2021,"deu, eng",https://www.geschkult.fu-berlin.de/e/zodiac/index.html,0.0,0.5,1.0,28,56
5e47c830-a6f5-43f5-aa26-cc57bff2115b,The Middle East Virtual Library,digital_preservation,True,False,2016,"eng, deu",https://www.menalib.de/en/,0.0,1.0,1.0,0,0
58284cd4-3a2a-4e3f-81cc-2ab8dd36b0d2,The Middle Eastern Historical Data Integration Endeavor,digital_preservation,True,False,2020,eng,https://mehdie.org/#,0.0,0.0,1.0,0,0
dfb3ca8b-20cb-484a-bd3c-d84821ca97af,Simplification of Arabic Masterpieces for Extensive Reading,tools_and_analysis,True,False,2016,,http://samer.camel-lab.com/,1.0,1.0,1.0,9,9
68422d65-ccba-4dcb-8a0e-bd4f3f9e1dc9,Shawi,tools_and_analysis,True,False,2021-02-01,"deu, eng",https://shawi.acdh-ch-dev.oeaw.ac.at/,1.0,0.0,0.5,0,0
259b0831-bfc4-4857-84ab-d9562dd606ce,Endangered Languages Documentation Programme,digital_preservation,True,False,2002,eng,https://www.eldp.net,0.0,1.0,1.0,0,0
a9ca5d9f-47ab-4704-ad27-9a09e492ca2a,Ptolemaeus Arabus et Latinus,digital_preservation,True,True,2013,eng,https://ptolemaeus.badw.de/start,0.0,1.0,1.0,6,6
cad00fa7-09a1-4df1-a08b-4ab5b2a48703,"Project for the digitisation and online presentation of Arabic, Persian, and Turkish manuscripts at Leipzig University Library",digital_preservation,False,False,2012-10,"ara, deu, eng",https://www.ub.uni-leipzig.de/forschungsbibliothek/projekte/projekte-chronologisch-alle/arabische-persische-und-tuerkische-handschriften-digitalisierung/,0.0,1.0,0.5,0,0
f5b21ba0-3772-42a3-b492-5a155b62a6b3,Digital Guide to Theatre of the Middle East,digital_preservation,True,False,2020,eng,https://dgtome.com/,0.0,1.0,1.0,0,0
d6d83889-dcda-44aa-9421-fe6dfbf14fe1,Arabic Language Technologies,other,True,False,2011,eng,https://alt.qcri.org,0.0,1.0,0.0,81,406
b333a11d-b9fc-4379-9e21-fbddfa9500b1,Audition Certificates Platform,digital_preservation,True,True,2019,"eng, ara",https://www.audition-certificates-platform.org/,0.0,1.0,1.0,0,0
85590bb4-4b9a-49c9-8e41-d548a7d234e1,Historical Middle East Data Alliance,other,True,False,2020,,https://github.com/Hist-ME,1.0,1.0,1.0,0,0
d5dd164d-1887-473f-8282-584b8d09474d,Moving frontiers,tools_and_analysis,False,False,2010,eng,https://www.universiteitleiden.nl/en/research/research-projects/humanities/moving-frontiers,0.0,0.5,0.5,0,0
2ec36f1f-9f08-4284-964b-2f40a1d3e0db,Barlaam and Josaphat in Arabic Literature and Culture,digital_preservation,True,False,2017,eng,https://barlaamandjosaphat.wp.st-andrews.ac.uk/,0.0,1.0,1.0,0,0
827f5ce7-a331-44fe-b40a-5cd93f348a0a,Synoptische Edition des kabbalistischen Traktats Keter Shem Ṭov,digital_preservation,True,False,2019,"deu, eng",https://kabbalaheditions.org,0.0,1.0,1.0,0,1
a2a7a31f-06e0-494e-8da9-31340807e39b,Maparabia,tools_and_analysis,True,False,2018,eng,https://ancientarabia.huma-num.fr/,0.0,1.0,1.0,1,1
5c1c0e5b-cb6c-4d8e-9d1e-55e622a3ca40,Dhimmis and Muslims - Analysing Multi-Religious Spaces in the Medieval Muslim World,tools_and_analysis,False,False,2017,"deu, eng",https://www.geschichte.uni-frankfurt.de/87681539/Dhimmis_and_Muslims,1.0,1.0,1.0,1,1
1927805e-27ad-4508-9987-196b1010f0e1,Princeton Geniza Project,digital_preservation,True,False,1986,eng,https://geniza.princeton.edu/en/,1.0,1.0,1.0,0,1
5d52a387-f88b-44d8-a79b-3225e5ca5030,"The Persian Documents from al-Ḥaram al-Sharīf in Jerusalem, 1300–1353",digital_preservation,True,False,2021,eng,https://www.csmc.uni-hamburg.de/research/affiliated-projects/persian-documents.html,0.0,0.5,0.5,0,1
e00179c6-b012-4651-beaf-a7ff21eb78af,Digitalisierungsprojekt Translatio,digital_preservation,True,False,2013-01-11,"eng, deu, fra",https://digitale-sammlungen.ulb.uni-bonn.de/topic/view/3085779,0.0,1.0,0.5,0,0
5f9179dc-cfdf-442b-b4a4-73ebf2f6256d,Hannah Arendt Digital,digital_preservation,True,False,2020-2,"deu, eng",https://hannah-arendt-edition.net/home,1.0,0.5,1.0,3,4
97408d45-9570-4cad-a623-6007573bf070,Oxford Cambridge Islamic Manuscript Catalogue Online,digital_preservation,True,False,2009,eng,https://www.fihrist.org.uk/,1.0,1.0,1.0,0,0
e050deba-6e1d-4d82-851b-cf6c1f7187a5,NoMansLand: Nomads’ Manuscripts Landscape,digital_preservation,True,True,2020,"deu, eng",https://www.oeaw.ac.at/iran/nomansland/,0.0,0.0,0.5,11,15
06cc3f44-f0b2-462e-b35e-859443d13242,Rational Sciences in Islam: An Initiative for the Study of Philosophy and the Mathematical Sciences in Islam,digital_preservation,True,False,2008,eng,https://islamsci.mcgill.ca/RASI/index.html,0.0,1.0,1.0,0,0
7e14a810-7d07-4e60-96eb-01fccf9323e8,CLARIN - European Research Infrastructure for Language Resources and Technology,infrastructure,True,False,2012,eng,https://www.clarin.eu/,1.0,1.0,1.0,0,0
32bc596c-eafd-4bd2-8df3-f1ab5cff4ad6,Romantic Period Poetry Archive,digital_preservation,True,False,2020,eng,https://www.romanticperiodpoetry.org/,1.0,1.0,1.0,1,1
9a84c95b-d8c6-428e-8509-1b1270b577dc,KIMA,digital_preservation,True,False,2016,eng,https://data.geo-kima.org/,0.0,1.0,1.0,0,0
99718590-5e1e-4a64-bf84-6e2213ad1836,Qumran Digital: Text und Lexikon,tools_and_analysis,True,False,2021,deu,https://www.qumran-digital.org/,0.0,0.0,1.0,0,2
33a6a747-4180-4e28-a99c-2bf6dcf53200,The formation of Islam,digital_preservation,False,False,2009,eng,https://www.universiteitleiden.nl/en/research/research-projects/humanities/the-formation-of-islam-the-view-from-below#tab-1,0.0,0.0,0.5,31,68
aeac9470-1b19-41c7-9d16-4bd3d36b35c8,Endangered Languages Archive,digital_preservation,True,False,2002,eng,https://www.elararchive.org,0.0,1.0,0.0,10,10
1fb988de-a02c-42d9-951d-1d7de01b598c,GenderVarianten — Revisionen von Genderkonstruktionen in Textüberlieferungen,tools_and_analysis,True,False,2023,"deu, grc, eng",https://www.eh-darmstadt.de/forschung/forschungsprojekte/gendervarianten-revisionen-von-genderkonstruktionen-in-textueberlieferungen/,0.0,0.0,0.5,0,0
d5448b02-b57f-429d-9553-637cc2add035,Paleocoran,digital_preservation,True,False,2015,"deu, eng, fra",https://paleocoran.de/index,0.0,0.5,1.0,0,1
5416d598-83e8-4b34-b4d8-6beea3faf6f2,Atlas of the Languages of Iran,tools_and_analysis,True,False,2015,"eng, fas",http://iranatlas.net/index.html,0.0,1.0,1.0,1,1
85e367b3-1703-4ea5-95e0-7401b05580fe,Modern Bulgarian Transcriptions,tools_and_analysis,True,False,2024,"eng, deu",https://www.slavistik.uni-freiburg.de/personal/univ-prof-dr-achim-rabus,0.0,0.0,0.0,0,0
3c5b84d0-791c-43bc-ab68-7372478bc568,Qalamos,digital_preservation,True,True,2023,"deu, eng",https://staatsbibliothek-berlin.de/die-staatsbibliothek/abteilungen/orient/aufgaben-profil/projekte/dfg-projekt-orient-digital,0.0,1.0,1.0,1,1
28b08ba5-2a3f-4f35-a909-7a745c26ba55,TextGrid,infrastructure,True,False,2006,"eng, deu",https://www.textgrid.de/web/guest/projekt,0.0,1.0,1.0,36,52
47a62965-3241-4531-b01a-a25e25dac602,Machine Translation and Automated Analysis of Cuneiform Language,tools_and_analysis,False,False,2017,eng,https://cdli-gh.github.io/mtaac/,1.0,1.0,1.0,1,1
d1d73911-81dc-4a65-bf1b-162f7fb2e84e,OpenITI_NgramReader,tools_and_analysis,True,False,2023,eng,https://eis1600.aai.uni-hamburg.de/shiny/OpenITI_NgramReader/,1.0,1.0,1.0,0,0
2689651d-1e28-4f26-ac43-cfdca097d837,Text+,infrastructure,True,False,2021,"deu, eng",https://www.text-plus.org/,0.0,1.0,1.0,0,0
ce4fc765-1578-4cfb-8efa-b82387c99590,Tikkoun Sofrim,tools_and_analysis,True,False,2018,"eng, fra, heb",https://tikkoun-sofrim.firebaseapp.com/en,1.0,0.5,1.0,1,1
